ClipIndex,RelativePath,Label,Dataset,Seed,DecodedFrames,Resolution
0,211653.webm,,ssv2,0,32,224x224
1,122492.webm,,ssv2,0,32,224x224
2,176020.webm,,ssv2,0,32,224x224
3,171849.webm,,ssv2,0,32,224x224
4,213667.webm,,ssv2,0,32,224x224
5,220420.webm,,ssv2,0,32,224x224
6,136128.webm,,ssv2,0,32,224x224
7,193451.webm,,ssv2,0,32,224x224
8,65006.webm,,ssv2,0,32,224x224
9,137203.webm,,ssv2,0,32,224x224
10,177191.webm,,ssv2,0,32,224x224
11,166241.webm,,ssv2,0,32,224x224
12,180526.webm,,ssv2,0,32,224x224
13,179309.webm,,ssv2,0,32,224x224
14,159276.webm,,ssv2,0,32,224x224
15,114212.webm,,ssv2,0,32,224x224
16,195588.webm,,ssv2,0,32,224x224
17,99735.webm,,ssv2,0,32,224x224
18,211992.webm,,ssv2,0,32,224x224
19,162007.webm,,ssv2,0,32,224x224
20,64907.webm,,ssv2,0,32,224x224
21,217226.webm,,ssv2,0,32,224x224
22,8845.webm,,ssv2,0,32,224x224
23,109964.webm,,ssv2,0,32,224x224
24,170880.webm,,ssv2,0,32,224x224
25,145187.webm,,ssv2,0,32,224x224
26,29783.webm,,ssv2,0,32,224x224
27,82524.webm,,ssv2,0,32,224x224
28,106444.webm,,ssv2,0,32,224x224
29,20087.webm,,ssv2,0,32,224x224
30,119103.webm,,ssv2,0,32,224x224
31,157922.webm,,ssv2,0,32,224x224
32,41267.webm,,ssv2,0,32,224x224
33,77738.webm,,ssv2,0,32,224x224
34,218487.webm,,ssv2,0,32,224x224
35,23995.webm,,ssv2,0,32,224x224
36,219411.webm,,ssv2,0,32,224x224
37,148325.webm,,ssv2,0,32,224x224
38,24984.webm,,ssv2,0,32,224x224
39,104910.webm,,ssv2,0,32,224x224
40,168990.webm,,ssv2,0,32,224x224
41,208685.webm,,ssv2,0,32,224x224
42,164131.webm,,ssv2,0,32,224x224
43,51531.webm,,ssv2,0,32,224x224
44,71769.webm,,ssv2,0,32,224x224
45,116144.webm,,ssv2,0,32,224x224
46,20284.webm,,ssv2,0,32,224x224
47,118316.webm,,ssv2,0,32,224x224
48,107804.webm,,ssv2,0,32,224x224
49,41824.webm,,ssv2,0,32,224x224
50,136269.webm,,ssv2,0,32,224x224
51,19175.webm,,ssv2,0,32,224x224
52,118341.webm,,ssv2,0,32,224x224
53,9586.webm,,ssv2,0,32,224x224
54,25872.webm,,ssv2,0,32,224x224
55,139224.webm,,ssv2,0,32,224x224
56,93640.webm,,ssv2,0,32,224x224
57,50765.webm,,ssv2,0,32,224x224
58,30481.webm,,ssv2,0,32,224x224
59,4247.webm,,ssv2,0,32,224x224
60,119483.webm,,ssv2,0,32,224x224
61,21259.webm,,ssv2,0,32,224x224
62,103887.webm,,ssv2,0,32,224x224
63,150621.webm,,ssv2,0,32,224x224
64,146297.webm,,ssv2,0,32,224x224
65,29308.webm,,ssv2,0,32,224x224
66,67926.webm,,ssv2,0,32,224x224
67,59260.webm,,ssv2,0,32,224x224
68,173258.webm,,ssv2,0,32,224x224
69,193613.webm,,ssv2,0,32,224x224
70,86545.webm,,ssv2,0,32,224x224
71,52630.webm,,ssv2,0,32,224x224
72,208397.webm,,ssv2,0,32,224x224
73,47243.webm,,ssv2,0,32,224x224
74,188191.webm,,ssv2,0,32,224x224
75,169971.webm,,ssv2,0,32,224x224
76,103337.webm,,ssv2,0,32,224x224
77,95886.webm,,ssv2,0,32,224x224
78,888.webm,,ssv2,0,32,224x224
79,137998.webm,,ssv2,0,32,224x224
80,99021.webm,,ssv2,0,32,224x224
81,137808.webm,,ssv2,0,32,224x224
82,180075.webm,,ssv2,0,32,224x224
83,207801.webm,,ssv2,0,32,224x224
84,30454.webm,,ssv2,0,32,224x224
85,44143.webm,,ssv2,0,32,224x224
86,120585.webm,,ssv2,0,32,224x224
87,103392.webm,,ssv2,0,32,224x224
88,144516.webm,,ssv2,0,32,224x224
89,53410.webm,,ssv2,0,32,224x224
90,198351.webm,,ssv2,0,32,224x224
91,81009.webm,,ssv2,0,32,224x224
92,9219.webm,,ssv2,0,32,224x224
93,43072.webm,,ssv2,0,32,224x224
94,192096.webm,,ssv2,0,32,224x224
95,21720.webm,,ssv2,0,32,224x224
96,8503.webm,,ssv2,0,32,224x224
97,192334.webm,,ssv2,0,32,224x224
98,69142.webm,,ssv2,0,32,224x224
99,11360.webm,,ssv2,0,32,224x224
100,166288.webm,,ssv2,0,32,224x224
101,157959.webm,,ssv2,0,32,224x224
102,28283.webm,,ssv2,0,32,224x224
103,184956.webm,,ssv2,0,32,224x224
104,91981.webm,,ssv2,0,32,224x224
105,220234.webm,,ssv2,0,32,224x224
106,171368.webm,,ssv2,0,32,224x224
107,67326.webm,,ssv2,0,32,224x224
108,121911.webm,,ssv2,0,32,224x224
109,216476.webm,,ssv2,0,32,224x224
110,48744.webm,,ssv2,0,32,224x224
111,189302.webm,,ssv2,0,32,224x224
112,3775.webm,,ssv2,0,32,224x224
113,188061.webm,,ssv2,0,32,224x224
114,114842.webm,,ssv2,0,32,224x224
115,173063.webm,,ssv2,0,32,224x224
116,125149.webm,,ssv2,0,32,224x224
117,68762.webm,,ssv2,0,32,224x224
118,182761.webm,,ssv2,0,32,224x224
119,92489.webm,,ssv2,0,32,224x224
120,122955.webm,,ssv2,0,32,224x224
121,95562.webm,,ssv2,0,32,224x224
122,24711.webm,,ssv2,0,32,224x224
123,74468.webm,,ssv2,0,32,224x224
124,153216.webm,,ssv2,0,32,224x224
125,103066.webm,,ssv2,0,32,224x224
126,172066.webm,,ssv2,0,32,224x224
127,25340.webm,,ssv2,0,32,224x224
128,196998.webm,,ssv2,0,32,224x224
129,186671.webm,,ssv2,0,32,224x224
130,23746.webm,,ssv2,0,32,224x224
131,136860.webm,,ssv2,0,32,224x224
132,103195.webm,,ssv2,0,32,224x224
133,195073.webm,,ssv2,0,32,224x224
134,33449.webm,,ssv2,0,32,224x224
135,181944.webm,,ssv2,0,32,224x224
136,147707.webm,,ssv2,0,32,224x224
137,131012.webm,,ssv2,0,32,224x224
138,181013.webm,,ssv2,0,32,224x224
139,83743.webm,,ssv2,0,32,224x224
140,22830.webm,,ssv2,0,32,224x224
141,181381.webm,,ssv2,0,32,224x224
142,84412.webm,,ssv2,0,32,224x224
143,136410.webm,,ssv2,0,32,224x224
144,157716.webm,,ssv2,0,32,224x224
145,100621.webm,,ssv2,0,32,224x224
146,152272.webm,,ssv2,0,32,224x224
147,192054.webm,,ssv2,0,32,224x224
148,218413.webm,,ssv2,0,32,224x224
149,105884.webm,,ssv2,0,32,224x224
150,202675.webm,,ssv2,0,32,224x224
151,118229.webm,,ssv2,0,32,224x224
152,93788.webm,,ssv2,0,32,224x224
153,26017.webm,,ssv2,0,32,224x224
154,91655.webm,,ssv2,0,32,224x224
155,179807.webm,,ssv2,0,32,224x224
156,172962.webm,,ssv2,0,32,224x224
157,77619.webm,,ssv2,0,32,224x224
158,121804.webm,,ssv2,0,32,224x224
159,73083.webm,,ssv2,0,32,224x224
160,177935.webm,,ssv2,0,32,224x224
161,177812.webm,,ssv2,0,32,224x224
162,23979.webm,,ssv2,0,32,224x224
163,210174.webm,,ssv2,0,32,224x224
164,73616.webm,,ssv2,0,32,224x224
165,145214.webm,,ssv2,0,32,224x224
166,86333.webm,,ssv2,0,32,224x224
167,201329.webm,,ssv2,0,32,224x224
168,213467.webm,,ssv2,0,32,224x224
169,105986.webm,,ssv2,0,32,224x224
170,25674.webm,,ssv2,0,32,224x224
171,86017.webm,,ssv2,0,32,224x224
172,26033.webm,,ssv2,0,32,224x224
173,195135.webm,,ssv2,0,32,224x224
174,129263.webm,,ssv2,0,32,224x224
175,192841.webm,,ssv2,0,32,224x224
176,111775.webm,,ssv2,0,32,224x224
177,121737.webm,,ssv2,0,32,224x224
178,36935.webm,,ssv2,0,32,224x224
179,38817.webm,,ssv2,0,32,224x224
180,122975.webm,,ssv2,0,32,224x224
181,139411.webm,,ssv2,0,32,224x224
182,201504.webm,,ssv2,0,32,224x224
183,21847.webm,,ssv2,0,32,224x224
184,96698.webm,,ssv2,0,32,224x224
185,44303.webm,,ssv2,0,32,224x224
186,145150.webm,,ssv2,0,32,224x224
187,71461.webm,,ssv2,0,32,224x224
188,217607.webm,,ssv2,0,32,224x224
189,67125.webm,,ssv2,0,32,224x224
190,104829.webm,,ssv2,0,32,224x224
191,88159.webm,,ssv2,0,32,224x224
192,1475.webm,,ssv2,0,32,224x224
193,192654.webm,,ssv2,0,32,224x224
194,102052.webm,,ssv2,0,32,224x224
195,194076.webm,,ssv2,0,32,224x224
196,162071.webm,,ssv2,0,32,224x224
197,39709.webm,,ssv2,0,32,224x224
198,77368.webm,,ssv2,0,32,224x224
199,4163.webm,,ssv2,0,32,224x224
200,109456.webm,,ssv2,0,32,224x224
201,8249.webm,,ssv2,0,32,224x224
202,193319.webm,,ssv2,0,32,224x224
203,91838.webm,,ssv2,0,32,224x224
204,117874.webm,,ssv2,0,32,224x224
205,186864.webm,,ssv2,0,32,224x224
206,163114.webm,,ssv2,0,32,224x224
207,69513.webm,,ssv2,0,32,224x224
208,144311.webm,,ssv2,0,32,224x224
209,77945.webm,,ssv2,0,32,224x224
210,123789.webm,,ssv2,0,32,224x224
211,99723.webm,,ssv2,0,32,224x224
212,86389.webm,,ssv2,0,32,224x224
213,3002.webm,,ssv2,0,32,224x224
214,135606.webm,,ssv2,0,32,224x224
215,201134.webm,,ssv2,0,32,224x224
216,45806.webm,,ssv2,0,32,224x224
217,53505.webm,,ssv2,0,32,224x224
218,43779.webm,,ssv2,0,32,224x224
219,212257.webm,,ssv2,0,32,224x224
220,195673.webm,,ssv2,0,32,224x224
221,218837.webm,,ssv2,0,32,224x224
222,204387.webm,,ssv2,0,32,224x224
223,73312.webm,,ssv2,0,32,224x224
224,141612.webm,,ssv2,0,32,224x224
225,206696.webm,,ssv2,0,32,224x224
226,125555.webm,,ssv2,0,32,224x224
227,180417.webm,,ssv2,0,32,224x224
228,45244.webm,,ssv2,0,32,224x224
229,150249.webm,,ssv2,0,32,224x224
230,140665.webm,,ssv2,0,32,224x224
231,209899.webm,,ssv2,0,32,224x224
232,175363.webm,,ssv2,0,32,224x224
233,189685.webm,,ssv2,0,32,224x224
234,8789.webm,,ssv2,0,32,224x224
235,137135.webm,,ssv2,0,32,224x224
236,162459.webm,,ssv2,0,32,224x224
237,170507.webm,,ssv2,0,32,224x224
238,218714.webm,,ssv2,0,32,224x224
239,126582.webm,,ssv2,0,32,224x224
240,123409.webm,,ssv2,0,32,224x224
241,62725.webm,,ssv2,0,32,224x224
242,129217.webm,,ssv2,0,32,224x224
243,4446.webm,,ssv2,0,32,224x224
244,175028.webm,,ssv2,0,32,224x224
245,196321.webm,,ssv2,0,32,224x224
246,61968.webm,,ssv2,0,32,224x224
247,205120.webm,,ssv2,0,32,224x224
248,192909.webm,,ssv2,0,32,224x224
249,109636.webm,,ssv2,0,32,224x224
250,215853.webm,,ssv2,0,32,224x224
251,68128.webm,,ssv2,0,32,224x224
252,129113.webm,,ssv2,0,32,224x224
253,62117.webm,,ssv2,0,32,224x224
254,197747.webm,,ssv2,0,32,224x224
255,196824.webm,,ssv2,0,32,224x224
256,52717.webm,,ssv2,0,32,224x224
257,172666.webm,,ssv2,0,32,224x224
258,83649.webm,,ssv2,0,32,224x224
259,115867.webm,,ssv2,0,32,224x224
260,196898.webm,,ssv2,0,32,224x224
261,16329.webm,,ssv2,0,32,224x224
262,72810.webm,,ssv2,0,32,224x224
263,74860.webm,,ssv2,0,32,224x224
264,216225.webm,,ssv2,0,32,224x224
265,199487.webm,,ssv2,0,32,224x224
266,56041.webm,,ssv2,0,32,224x224
267,90413.webm,,ssv2,0,32,224x224
268,51426.webm,,ssv2,0,32,224x224
269,152734.webm,,ssv2,0,32,224x224
270,210611.webm,,ssv2,0,32,224x224
271,207661.webm,,ssv2,0,32,224x224
272,71222.webm,,ssv2,0,32,224x224
273,83382.webm,,ssv2,0,32,224x224
274,159713.webm,,ssv2,0,32,224x224
275,49632.webm,,ssv2,0,32,224x224
276,194696.webm,,ssv2,0,32,224x224
277,129736.webm,,ssv2,0,32,224x224
278,150212.webm,,ssv2,0,32,224x224
279,149360.webm,,ssv2,0,32,224x224
280,52976.webm,,ssv2,0,32,224x224
281,172183.webm,,ssv2,0,32,224x224
282,144605.webm,,ssv2,0,32,224x224
283,219722.webm,,ssv2,0,32,224x224
284,113373.webm,,ssv2,0,32,224x224
285,108787.webm,,ssv2,0,32,224x224
286,506.webm,,ssv2,0,32,224x224
287,77354.webm,,ssv2,0,32,224x224
288,77125.webm,,ssv2,0,32,224x224
289,29698.webm,,ssv2,0,32,224x224
290,197634.webm,,ssv2,0,32,224x224
291,78203.webm,,ssv2,0,32,224x224
292,16025.webm,,ssv2,0,32,224x224
293,119313.webm,,ssv2,0,32,224x224
294,72811.webm,,ssv2,0,32,224x224
295,195341.webm,,ssv2,0,32,224x224
296,93331.webm,,ssv2,0,32,224x224
297,86035.webm,,ssv2,0,32,224x224
298,115400.webm,,ssv2,0,32,224x224
299,2733.webm,,ssv2,0,32,224x224
300,20909.webm,,ssv2,0,32,224x224
301,94830.webm,,ssv2,0,32,224x224
302,215836.webm,,ssv2,0,32,224x224
303,140301.webm,,ssv2,0,32,224x224
304,71758.webm,,ssv2,0,32,224x224
305,145863.webm,,ssv2,0,32,224x224
306,109320.webm,,ssv2,0,32,224x224
307,120890.webm,,ssv2,0,32,224x224
308,21147.webm,,ssv2,0,32,224x224
309,220041.webm,,ssv2,0,32,224x224
310,1147.webm,,ssv2,0,32,224x224
311,130272.webm,,ssv2,0,32,224x224
312,2352.webm,,ssv2,0,32,224x224
313,131278.webm,,ssv2,0,32,224x224
314,148203.webm,,ssv2,0,32,224x224
315,184904.webm,,ssv2,0,32,224x224
316,186952.webm,,ssv2,0,32,224x224
317,50244.webm,,ssv2,0,32,224x224
318,128976.webm,,ssv2,0,32,224x224
319,131243.webm,,ssv2,0,32,224x224
320,84609.webm,,ssv2,0,32,224x224
321,136244.webm,,ssv2,0,32,224x224
322,118909.webm,,ssv2,0,32,224x224
323,145526.webm,,ssv2,0,32,224x224
324,107289.webm,,ssv2,0,32,224x224
325,208314.webm,,ssv2,0,32,224x224
326,121549.webm,,ssv2,0,32,224x224
327,101977.webm,,ssv2,0,32,224x224
328,188732.webm,,ssv2,0,32,224x224
329,93987.webm,,ssv2,0,32,224x224
330,124577.webm,,ssv2,0,32,224x224
331,70974.webm,,ssv2,0,32,224x224
332,103655.webm,,ssv2,0,32,224x224
333,105273.webm,,ssv2,0,32,224x224
334,182184.webm,,ssv2,0,32,224x224
335,159873.webm,,ssv2,0,32,224x224
336,174585.webm,,ssv2,0,32,224x224
337,180081.webm,,ssv2,0,32,224x224
338,124527.webm,,ssv2,0,32,224x224
339,197873.webm,,ssv2,0,32,224x224
340,69353.webm,,ssv2,0,32,224x224
341,95249.webm,,ssv2,0,32,224x224
342,178983.webm,,ssv2,0,32,224x224
343,118743.webm,,ssv2,0,32,224x224
344,86145.webm,,ssv2,0,32,224x224
345,206948.webm,,ssv2,0,32,224x224
346,203314.webm,,ssv2,0,32,224x224
347,131883.webm,,ssv2,0,32,224x224
348,136558.webm,,ssv2,0,32,224x224
349,177209.webm,,ssv2,0,32,224x224
350,10535.webm,,ssv2,0,32,224x224
351,494.webm,,ssv2,0,32,224x224
352,151912.webm,,ssv2,0,32,224x224
353,121668.webm,,ssv2,0,32,224x224
354,52613.webm,,ssv2,0,32,224x224
355,211034.webm,,ssv2,0,32,224x224
356,86475.webm,,ssv2,0,32,224x224
357,206519.webm,,ssv2,0,32,224x224
358,128203.webm,,ssv2,0,32,224x224
359,142963.webm,,ssv2,0,32,224x224
360,54924.webm,,ssv2,0,32,224x224
361,205742.webm,,ssv2,0,32,224x224
362,51198.webm,,ssv2,0,32,224x224
363,173596.webm,,ssv2,0,32,224x224
364,120974.webm,,ssv2,0,32,224x224
365,114264.webm,,ssv2,0,32,224x224
366,52838.webm,,ssv2,0,32,224x224
367,209704.webm,,ssv2,0,32,224x224
368,62848.webm,,ssv2,0,32,224x224
369,218064.webm,,ssv2,0,32,224x224
370,197330.webm,,ssv2,0,32,224x224
371,116311.webm,,ssv2,0,32,224x224
372,149682.webm,,ssv2,0,32,224x224
373,50727.webm,,ssv2,0,32,224x224
374,127033.webm,,ssv2,0,32,224x224
375,90530.webm,,ssv2,0,32,224x224
376,216179.webm,,ssv2,0,32,224x224
377,158963.webm,,ssv2,0,32,224x224
378,16479.webm,,ssv2,0,32,224x224
379,54428.webm,,ssv2,0,32,224x224
380,166924.webm,,ssv2,0,32,224x224
381,66421.webm,,ssv2,0,32,224x224
382,162359.webm,,ssv2,0,32,224x224
383,210816.webm,,ssv2,0,32,224x224
384,15265.webm,,ssv2,0,32,224x224
385,192972.webm,,ssv2,0,32,224x224
386,118632.webm,,ssv2,0,32,224x224
387,157613.webm,,ssv2,0,32,224x224
388,164659.webm,,ssv2,0,32,224x224
389,23615.webm,,ssv2,0,32,224x224
390,60764.webm,,ssv2,0,32,224x224
391,61699.webm,,ssv2,0,32,224x224
392,182072.webm,,ssv2,0,32,224x224
393,187302.webm,,ssv2,0,32,224x224
394,131816.webm,,ssv2,0,32,224x224
395,11171.webm,,ssv2,0,32,224x224
396,187014.webm,,ssv2,0,32,224x224
397,86581.webm,,ssv2,0,32,224x224
398,30671.webm,,ssv2,0,32,224x224
399,41714.webm,,ssv2,0,32,224x224
400,28799.webm,,ssv2,0,32,224x224
401,153630.webm,,ssv2,0,32,224x224
402,146051.webm,,ssv2,0,32,224x224
403,60802.webm,,ssv2,0,32,224x224
404,170918.webm,,ssv2,0,32,224x224
405,20334.webm,,ssv2,0,32,224x224
406,75489.webm,,ssv2,0,32,224x224
407,1533.webm,,ssv2,0,32,224x224
408,33041.webm,,ssv2,0,32,224x224
409,204628.webm,,ssv2,0,32,224x224
410,1700.webm,,ssv2,0,32,224x224
411,182162.webm,,ssv2,0,32,224x224
412,66982.webm,,ssv2,0,32,224x224
413,202300.webm,,ssv2,0,32,224x224
414,29234.webm,,ssv2,0,32,224x224
415,82514.webm,,ssv2,0,32,224x224
416,141418.webm,,ssv2,0,32,224x224
417,85674.webm,,ssv2,0,32,224x224
418,5095.webm,,ssv2,0,32,224x224
419,22704.webm,,ssv2,0,32,224x224
420,200051.webm,,ssv2,0,32,224x224
421,28289.webm,,ssv2,0,32,224x224
422,185336.webm,,ssv2,0,32,224x224
423,166502.webm,,ssv2,0,32,224x224
424,131879.webm,,ssv2,0,32,224x224
425,92691.webm,,ssv2,0,32,224x224
426,59128.webm,,ssv2,0,32,224x224
427,193087.webm,,ssv2,0,32,224x224
428,35158.webm,,ssv2,0,32,224x224
429,65849.webm,,ssv2,0,32,224x224
430,123665.webm,,ssv2,0,32,224x224
431,41439.webm,,ssv2,0,32,224x224
432,12399.webm,,ssv2,0,32,224x224
433,26380.webm,,ssv2,0,32,224x224
434,40096.webm,,ssv2,0,32,224x224
435,18057.webm,,ssv2,0,32,224x224
436,137353.webm,,ssv2,0,32,224x224
437,103410.webm,,ssv2,0,32,224x224
438,208954.webm,,ssv2,0,32,224x224
439,64531.webm,,ssv2,0,32,224x224
440,128187.webm,,ssv2,0,32,224x224
441,164063.webm,,ssv2,0,32,224x224
442,122659.webm,,ssv2,0,32,224x224
443,68373.webm,,ssv2,0,32,224x224
444,39937.webm,,ssv2,0,32,224x224
445,42005.webm,,ssv2,0,32,224x224
446,99450.webm,,ssv2,0,32,224x224
447,111689.webm,,ssv2,0,32,224x224
448,16688.webm,,ssv2,0,32,224x224
449,201098.webm,,ssv2,0,32,224x224
450,42720.webm,,ssv2,0,32,224x224
451,31877.webm,,ssv2,0,32,224x224
452,17248.webm,,ssv2,0,32,224x224
453,85174.webm,,ssv2,0,32,224x224
454,168997.webm,,ssv2,0,32,224x224
455,189193.webm,,ssv2,0,32,224x224
456,78888.webm,,ssv2,0,32,224x224
457,82661.webm,,ssv2,0,32,224x224
458,122253.webm,,ssv2,0,32,224x224
459,150840.webm,,ssv2,0,32,224x224
460,211409.webm,,ssv2,0,32,224x224
461,13685.webm,,ssv2,0,32,224x224
462,102786.webm,,ssv2,0,32,224x224
463,209616.webm,,ssv2,0,32,224x224
464,80613.webm,,ssv2,0,32,224x224
465,117030.webm,,ssv2,0,32,224x224
466,123034.webm,,ssv2,0,32,224x224
467,132337.webm,,ssv2,0,32,224x224
468,198126.webm,,ssv2,0,32,224x224
469,30072.webm,,ssv2,0,32,224x224
470,109071.webm,,ssv2,0,32,224x224
471,155826.webm,,ssv2,0,32,224x224
472,192355.webm,,ssv2,0,32,224x224
473,83716.webm,,ssv2,0,32,224x224
474,80344.webm,,ssv2,0,32,224x224
475,45983.webm,,ssv2,0,32,224x224
476,141010.webm,,ssv2,0,32,224x224
477,21158.webm,,ssv2,0,32,224x224
478,140432.webm,,ssv2,0,32,224x224
479,152711.webm,,ssv2,0,32,224x224
480,58820.webm,,ssv2,0,32,224x224
481,118682.webm,,ssv2,0,32,224x224
482,50606.webm,,ssv2,0,32,224x224
483,164155.webm,,ssv2,0,32,224x224
484,25891.webm,,ssv2,0,32,224x224
485,74629.webm,,ssv2,0,32,224x224
486,10647.webm,,ssv2,0,32,224x224
487,82434.webm,,ssv2,0,32,224x224
488,86407.webm,,ssv2,0,32,224x224
489,148143.webm,,ssv2,0,32,224x224
490,83458.webm,,ssv2,0,32,224x224
491,97970.webm,,ssv2,0,32,224x224
492,77222.webm,,ssv2,0,32,224x224
493,20135.webm,,ssv2,0,32,224x224
494,185813.webm,,ssv2,0,32,224x224
495,206131.webm,,ssv2,0,32,224x224
496,170391.webm,,ssv2,0,32,224x224
497,124542.webm,,ssv2,0,32,224x224
498,108280.webm,,ssv2,0,32,224x224
499,192450.webm,,ssv2,0,32,224x224
500,150752.webm,,ssv2,0,32,224x224
501,192714.webm,,ssv2,0,32,224x224
502,118778.webm,,ssv2,0,32,224x224
503,134661.webm,,ssv2,0,32,224x224
504,110181.webm,,ssv2,0,32,224x224
505,75809.webm,,ssv2,0,32,224x224
506,213324.webm,,ssv2,0,32,224x224
507,29128.webm,,ssv2,0,32,224x224
508,28747.webm,,ssv2,0,32,224x224
509,18963.webm,,ssv2,0,32,224x224
510,20051.webm,,ssv2,0,32,224x224
511,196030.webm,,ssv2,0,32,224x224
512,101554.webm,,ssv2,0,32,224x224
513,158229.webm,,ssv2,0,32,224x224
514,27728.webm,,ssv2,0,32,224x224
515,14208.webm,,ssv2,0,32,224x224
516,80885.webm,,ssv2,0,32,224x224
517,167361.webm,,ssv2,0,32,224x224
518,121286.webm,,ssv2,0,32,224x224
519,210861.webm,,ssv2,0,32,224x224
520,128786.webm,,ssv2,0,32,224x224
521,24959.webm,,ssv2,0,32,224x224
522,148520.webm,,ssv2,0,32,224x224
523,146631.webm,,ssv2,0,32,224x224
524,19688.webm,,ssv2,0,32,224x224
525,209944.webm,,ssv2,0,32,224x224
526,105170.webm,,ssv2,0,32,224x224
527,208472.webm,,ssv2,0,32,224x224
528,49229.webm,,ssv2,0,32,224x224
529,103003.webm,,ssv2,0,32,224x224
530,29610.webm,,ssv2,0,32,224x224
531,138537.webm,,ssv2,0,32,224x224
532,77820.webm,,ssv2,0,32,224x224
533,25683.webm,,ssv2,0,32,224x224
534,154322.webm,,ssv2,0,32,224x224
535,56105.webm,,ssv2,0,32,224x224
536,60718.webm,,ssv2,0,32,224x224
537,61010.webm,,ssv2,0,32,224x224
538,15783.webm,,ssv2,0,32,224x224
539,37133.webm,,ssv2,0,32,224x224
540,189243.webm,,ssv2,0,32,224x224
541,37595.webm,,ssv2,0,32,224x224
542,39117.webm,,ssv2,0,32,224x224
543,89143.webm,,ssv2,0,32,224x224
544,194953.webm,,ssv2,0,32,224x224
545,153637.webm,,ssv2,0,32,224x224
546,19718.webm,,ssv2,0,32,224x224
547,163099.webm,,ssv2,0,32,224x224
548,83150.webm,,ssv2,0,32,224x224
549,83119.webm,,ssv2,0,32,224x224
550,132843.webm,,ssv2,0,32,224x224
551,83163.webm,,ssv2,0,32,224x224
552,69354.webm,,ssv2,0,32,224x224
553,106723.webm,,ssv2,0,32,224x224
554,38537.webm,,ssv2,0,32,224x224
555,174527.webm,,ssv2,0,32,224x224
556,46164.webm,,ssv2,0,32,224x224
557,134501.webm,,ssv2,0,32,224x224
558,12300.webm,,ssv2,0,32,224x224
559,182488.webm,,ssv2,0,32,224x224
560,155105.webm,,ssv2,0,32,224x224
561,85178.webm,,ssv2,0,32,224x224
562,65041.webm,,ssv2,0,32,224x224
563,133163.webm,,ssv2,0,32,224x224
564,55263.webm,,ssv2,0,32,224x224
565,180944.webm,,ssv2,0,32,224x224
566,166365.webm,,ssv2,0,32,224x224
567,23465.webm,,ssv2,0,32,224x224
568,74513.webm,,ssv2,0,32,224x224
569,101676.webm,,ssv2,0,32,224x224
570,145867.webm,,ssv2,0,32,224x224
571,32957.webm,,ssv2,0,32,224x224
572,198968.webm,,ssv2,0,32,224x224
573,63323.webm,,ssv2,0,32,224x224
574,214998.webm,,ssv2,0,32,224x224
575,42804.webm,,ssv2,0,32,224x224
576,108337.webm,,ssv2,0,32,224x224
577,6710.webm,,ssv2,0,32,224x224
578,698.webm,,ssv2,0,32,224x224
579,49241.webm,,ssv2,0,32,224x224
580,73131.webm,,ssv2,0,32,224x224
581,95522.webm,,ssv2,0,32,224x224
582,40962.webm,,ssv2,0,32,224x224
583,127456.webm,,ssv2,0,32,224x224
584,137994.webm,,ssv2,0,32,224x224
585,11978.webm,,ssv2,0,32,224x224
586,112542.webm,,ssv2,0,32,224x224
587,16512.webm,,ssv2,0,32,224x224
588,120777.webm,,ssv2,0,32,224x224
589,63998.webm,,ssv2,0,32,224x224
590,91110.webm,,ssv2,0,32,224x224
591,115644.webm,,ssv2,0,32,224x224
592,33574.webm,,ssv2,0,32,224x224
593,52560.webm,,ssv2,0,32,224x224
594,12129.webm,,ssv2,0,32,224x224
595,140919.webm,,ssv2,0,32,224x224
596,208346.webm,,ssv2,0,32,224x224
597,124688.webm,,ssv2,0,32,224x224
598,181501.webm,,ssv2,0,32,224x224
599,37639.webm,,ssv2,0,32,224x224
600,25922.webm,,ssv2,0,32,224x224
601,5946.webm,,ssv2,0,32,224x224
602,32776.webm,,ssv2,0,32,224x224
603,38845.webm,,ssv2,0,32,224x224
604,15914.webm,,ssv2,0,32,224x224
605,209987.webm,,ssv2,0,32,224x224
606,26041.webm,,ssv2,0,32,224x224
607,104083.webm,,ssv2,0,32,224x224
608,26293.webm,,ssv2,0,32,224x224
609,67183.webm,,ssv2,0,32,224x224
610,175142.webm,,ssv2,0,32,224x224
611,85095.webm,,ssv2,0,32,224x224
612,36227.webm,,ssv2,0,32,224x224
613,215766.webm,,ssv2,0,32,224x224
614,120532.webm,,ssv2,0,32,224x224
615,121487.webm,,ssv2,0,32,224x224
616,37888.webm,,ssv2,0,32,224x224
617,46713.webm,,ssv2,0,32,224x224
618,171504.webm,,ssv2,0,32,224x224
619,104918.webm,,ssv2,0,32,224x224
620,32937.webm,,ssv2,0,32,224x224
621,176362.webm,,ssv2,0,32,224x224
622,177964.webm,,ssv2,0,32,224x224
623,91685.webm,,ssv2,0,32,224x224
624,7182.webm,,ssv2,0,32,224x224
625,7372.webm,,ssv2,0,32,224x224
626,4319.webm,,ssv2,0,32,224x224
627,168096.webm,,ssv2,0,32,224x224
628,67013.webm,,ssv2,0,32,224x224
629,143445.webm,,ssv2,0,32,224x224
630,132553.webm,,ssv2,0,32,224x224
631,50128.webm,,ssv2,0,32,224x224
632,87627.webm,,ssv2,0,32,224x224
633,2324.webm,,ssv2,0,32,224x224
634,128016.webm,,ssv2,0,32,224x224
635,69257.webm,,ssv2,0,32,224x224
636,94213.webm,,ssv2,0,32,224x224
637,126597.webm,,ssv2,0,32,224x224
638,124292.webm,,ssv2,0,32,224x224
639,136263.webm,,ssv2,0,32,224x224
640,169866.webm,,ssv2,0,32,224x224
641,111809.webm,,ssv2,0,32,224x224
642,114154.webm,,ssv2,0,32,224x224
643,182148.webm,,ssv2,0,32,224x224
644,208173.webm,,ssv2,0,32,224x224
645,178117.webm,,ssv2,0,32,224x224
646,151706.webm,,ssv2,0,32,224x224
647,158885.webm,,ssv2,0,32,224x224
648,82109.webm,,ssv2,0,32,224x224
649,129251.webm,,ssv2,0,32,224x224
650,64481.webm,,ssv2,0,32,224x224
651,12535.webm,,ssv2,0,32,224x224
652,43274.webm,,ssv2,0,32,224x224
653,190023.webm,,ssv2,0,32,224x224
654,140514.webm,,ssv2,0,32,224x224
655,198766.webm,,ssv2,0,32,224x224
656,111309.webm,,ssv2,0,32,224x224
657,146718.webm,,ssv2,0,32,224x224
658,28840.webm,,ssv2,0,32,224x224
659,109472.webm,,ssv2,0,32,224x224
660,83592.webm,,ssv2,0,32,224x224
661,5248.webm,,ssv2,0,32,224x224
662,27539.webm,,ssv2,0,32,224x224
663,177183.webm,,ssv2,0,32,224x224
664,55511.webm,,ssv2,0,32,224x224
665,177702.webm,,ssv2,0,32,224x224
666,26322.webm,,ssv2,0,32,224x224
667,151592.webm,,ssv2,0,32,224x224
668,60687.webm,,ssv2,0,32,224x224
669,181980.webm,,ssv2,0,32,224x224
670,213104.webm,,ssv2,0,32,224x224
671,131318.webm,,ssv2,0,32,224x224
672,2533.webm,,ssv2,0,32,224x224
673,12575.webm,,ssv2,0,32,224x224
674,195248.webm,,ssv2,0,32,224x224
675,35220.webm,,ssv2,0,32,224x224
676,13704.webm,,ssv2,0,32,224x224
677,31540.webm,,ssv2,0,32,224x224
678,29583.webm,,ssv2,0,32,224x224
679,171027.webm,,ssv2,0,32,224x224
680,202896.webm,,ssv2,0,32,224x224
681,125693.webm,,ssv2,0,32,224x224
682,11795.webm,,ssv2,0,32,224x224
683,101552.webm,,ssv2,0,32,224x224
684,7655.webm,,ssv2,0,32,224x224
685,28567.webm,,ssv2,0,32,224x224
686,58530.webm,,ssv2,0,32,224x224
687,13850.webm,,ssv2,0,32,224x224
688,19670.webm,,ssv2,0,32,224x224
689,150869.webm,,ssv2,0,32,224x224
690,170580.webm,,ssv2,0,32,224x224
691,181858.webm,,ssv2,0,32,224x224
692,204754.webm,,ssv2,0,32,224x224
693,14440.webm,,ssv2,0,32,224x224
694,84984.webm,,ssv2,0,32,224x224
695,85790.webm,,ssv2,0,32,224x224
696,112712.webm,,ssv2,0,32,224x224
697,127461.webm,,ssv2,0,32,224x224
698,46410.webm,,ssv2,0,32,224x224
699,103498.webm,,ssv2,0,32,224x224
700,169820.webm,,ssv2,0,32,224x224
701,172517.webm,,ssv2,0,32,224x224
702,205741.webm,,ssv2,0,32,224x224
703,42805.webm,,ssv2,0,32,224x224
704,121547.webm,,ssv2,0,32,224x224
705,122039.webm,,ssv2,0,32,224x224
706,44794.webm,,ssv2,0,32,224x224
707,2784.webm,,ssv2,0,32,224x224
708,179131.webm,,ssv2,0,32,224x224
709,35644.webm,,ssv2,0,32,224x224
710,184007.webm,,ssv2,0,32,224x224
711,123379.webm,,ssv2,0,32,224x224
712,108842.webm,,ssv2,0,32,224x224
713,78583.webm,,ssv2,0,32,224x224
714,87493.webm,,ssv2,0,32,224x224
715,65710.webm,,ssv2,0,32,224x224
716,131339.webm,,ssv2,0,32,224x224
717,51125.webm,,ssv2,0,32,224x224
718,69722.webm,,ssv2,0,32,224x224
719,116903.webm,,ssv2,0,32,224x224
720,70639.webm,,ssv2,0,32,224x224
721,86039.webm,,ssv2,0,32,224x224
722,121709.webm,,ssv2,0,32,224x224
723,174741.webm,,ssv2,0,32,224x224
724,163915.webm,,ssv2,0,32,224x224
725,33672.webm,,ssv2,0,32,224x224
726,124013.webm,,ssv2,0,32,224x224
727,117556.webm,,ssv2,0,32,224x224
728,84674.webm,,ssv2,0,32,224x224
729,3846.webm,,ssv2,0,32,224x224
730,122099.webm,,ssv2,0,32,224x224
731,23697.webm,,ssv2,0,32,224x224
732,57751.webm,,ssv2,0,32,224x224
733,154652.webm,,ssv2,0,32,224x224
734,37882.webm,,ssv2,0,32,224x224
735,128939.webm,,ssv2,0,32,224x224
736,220639.webm,,ssv2,0,32,224x224
737,75092.webm,,ssv2,0,32,224x224
738,142200.webm,,ssv2,0,32,224x224
739,192432.webm,,ssv2,0,32,224x224
740,207331.webm,,ssv2,0,32,224x224
741,208297.webm,,ssv2,0,32,224x224
742,203065.webm,,ssv2,0,32,224x224
743,32351.webm,,ssv2,0,32,224x224
744,1006.webm,,ssv2,0,32,224x224
745,181467.webm,,ssv2,0,32,224x224
746,27672.webm,,ssv2,0,32,224x224
747,108246.webm,,ssv2,0,32,224x224
748,207296.webm,,ssv2,0,32,224x224
749,778.webm,,ssv2,0,32,224x224
750,74408.webm,,ssv2,0,32,224x224
751,32992.webm,,ssv2,0,32,224x224
752,13219.webm,,ssv2,0,32,224x224
753,187835.webm,,ssv2,0,32,224x224
754,30162.webm,,ssv2,0,32,224x224
755,146732.webm,,ssv2,0,32,224x224
756,156427.webm,,ssv2,0,32,224x224
757,132499.webm,,ssv2,0,32,224x224
758,3172.webm,,ssv2,0,32,224x224
759,46991.webm,,ssv2,0,32,224x224
760,157451.webm,,ssv2,0,32,224x224
761,71644.webm,,ssv2,0,32,224x224
762,47879.webm,,ssv2,0,32,224x224
763,159427.webm,,ssv2,0,32,224x224
764,43950.webm,,ssv2,0,32,224x224
765,165046.webm,,ssv2,0,32,224x224
766,74931.webm,,ssv2,0,32,224x224
767,48944.webm,,ssv2,0,32,224x224
768,9172.webm,,ssv2,0,32,224x224
769,168954.webm,,ssv2,0,32,224x224
770,25249.webm,,ssv2,0,32,224x224
771,213858.webm,,ssv2,0,32,224x224
772,28318.webm,,ssv2,0,32,224x224
773,65250.webm,,ssv2,0,32,224x224
774,16813.webm,,ssv2,0,32,224x224
775,53320.webm,,ssv2,0,32,224x224
776,124975.webm,,ssv2,0,32,224x224
777,13617.webm,,ssv2,0,32,224x224
778,23517.webm,,ssv2,0,32,224x224
779,152618.webm,,ssv2,0,32,224x224
780,207574.webm,,ssv2,0,32,224x224
781,179064.webm,,ssv2,0,32,224x224
782,62735.webm,,ssv2,0,32,224x224
783,30564.webm,,ssv2,0,32,224x224
784,117888.webm,,ssv2,0,32,224x224
785,89594.webm,,ssv2,0,32,224x224
786,92909.webm,,ssv2,0,32,224x224
787,175640.webm,,ssv2,0,32,224x224
788,130837.webm,,ssv2,0,32,224x224
789,106598.webm,,ssv2,0,32,224x224
790,188434.webm,,ssv2,0,32,224x224
791,179941.webm,,ssv2,0,32,224x224
792,179394.webm,,ssv2,0,32,224x224
793,102935.webm,,ssv2,0,32,224x224
794,92391.webm,,ssv2,0,32,224x224
795,76550.webm,,ssv2,0,32,224x224
796,90311.webm,,ssv2,0,32,224x224
797,56771.webm,,ssv2,0,32,224x224
798,29739.webm,,ssv2,0,32,224x224
799,16400.webm,,ssv2,0,32,224x224
800,211039.webm,,ssv2,0,32,224x224
801,152430.webm,,ssv2,0,32,224x224
802,107139.webm,,ssv2,0,32,224x224
803,52001.webm,,ssv2,0,32,224x224
804,167419.webm,,ssv2,0,32,224x224
805,80748.webm,,ssv2,0,32,224x224
806,59929.webm,,ssv2,0,32,224x224
807,18649.webm,,ssv2,0,32,224x224
808,32629.webm,,ssv2,0,32,224x224
809,122497.webm,,ssv2,0,32,224x224
810,49667.webm,,ssv2,0,32,224x224
811,117763.webm,,ssv2,0,32,224x224
812,31338.webm,,ssv2,0,32,224x224
813,30173.webm,,ssv2,0,32,224x224
814,201373.webm,,ssv2,0,32,224x224
815,196092.webm,,ssv2,0,32,224x224
816,220385.webm,,ssv2,0,32,224x224
817,152758.webm,,ssv2,0,32,224x224
818,144753.webm,,ssv2,0,32,224x224
819,142590.webm,,ssv2,0,32,224x224
820,209276.webm,,ssv2,0,32,224x224
821,174522.webm,,ssv2,0,32,224x224
822,193791.webm,,ssv2,0,32,224x224
823,142638.webm,,ssv2,0,32,224x224
824,106711.webm,,ssv2,0,32,224x224
825,16724.webm,,ssv2,0,32,224x224
826,141784.webm,,ssv2,0,32,224x224
827,155415.webm,,ssv2,0,32,224x224
828,78730.webm,,ssv2,0,32,224x224
829,29458.webm,,ssv2,0,32,224x224
830,98603.webm,,ssv2,0,32,224x224
831,38951.webm,,ssv2,0,32,224x224
832,62163.webm,,ssv2,0,32,224x224
833,130446.webm,,ssv2,0,32,224x224
834,92639.webm,,ssv2,0,32,224x224
835,129939.webm,,ssv2,0,32,224x224
836,50619.webm,,ssv2,0,32,224x224
837,118259.webm,,ssv2,0,32,224x224
838,121735.webm,,ssv2,0,32,224x224
839,9928.webm,,ssv2,0,32,224x224
840,192986.webm,,ssv2,0,32,224x224
841,31712.webm,,ssv2,0,32,224x224
842,71182.webm,,ssv2,0,32,224x224
843,130041.webm,,ssv2,0,32,224x224
844,11687.webm,,ssv2,0,32,224x224
845,51858.webm,,ssv2,0,32,224x224
846,204398.webm,,ssv2,0,32,224x224
847,91162.webm,,ssv2,0,32,224x224
848,212982.webm,,ssv2,0,32,224x224
849,199306.webm,,ssv2,0,32,224x224
850,127658.webm,,ssv2,0,32,224x224
851,208307.webm,,ssv2,0,32,224x224
852,22740.webm,,ssv2,0,32,224x224
853,179661.webm,,ssv2,0,32,224x224
854,147322.webm,,ssv2,0,32,224x224
855,198794.webm,,ssv2,0,32,224x224
856,202591.webm,,ssv2,0,32,224x224
857,134148.webm,,ssv2,0,32,224x224
858,166344.webm,,ssv2,0,32,224x224
859,70631.webm,,ssv2,0,32,224x224
860,124967.webm,,ssv2,0,32,224x224
861,203086.webm,,ssv2,0,32,224x224
862,134524.webm,,ssv2,0,32,224x224
863,63686.webm,,ssv2,0,32,224x224
864,151140.webm,,ssv2,0,32,224x224
865,142266.webm,,ssv2,0,32,224x224
866,109278.webm,,ssv2,0,32,224x224
867,83978.webm,,ssv2,0,32,224x224
868,131583.webm,,ssv2,0,32,224x224
869,214406.webm,,ssv2,0,32,224x224
870,148122.webm,,ssv2,0,32,224x224
871,110218.webm,,ssv2,0,32,224x224
872,59662.webm,,ssv2,0,32,224x224
873,201629.webm,,ssv2,0,32,224x224
874,90889.webm,,ssv2,0,32,224x224
875,36094.webm,,ssv2,0,32,224x224
876,80109.webm,,ssv2,0,32,224x224
877,42228.webm,,ssv2,0,32,224x224
878,166004.webm,,ssv2,0,32,224x224
879,177854.webm,,ssv2,0,32,224x224
880,195315.webm,,ssv2,0,32,224x224
881,149622.webm,,ssv2,0,32,224x224
882,216489.webm,,ssv2,0,32,224x224
883,140239.webm,,ssv2,0,32,224x224
884,97562.webm,,ssv2,0,32,224x224
885,147202.webm,,ssv2,0,32,224x224
886,63693.webm,,ssv2,0,32,224x224
887,218426.webm,,ssv2,0,32,224x224
888,32563.webm,,ssv2,0,32,224x224
889,211776.webm,,ssv2,0,32,224x224
890,10288.webm,,ssv2,0,32,224x224
891,178377.webm,,ssv2,0,32,224x224
892,147286.webm,,ssv2,0,32,224x224
893,99258.webm,,ssv2,0,32,224x224
894,14279.webm,,ssv2,0,32,224x224
895,160896.webm,,ssv2,0,32,224x224
896,109420.webm,,ssv2,0,32,224x224
897,145491.webm,,ssv2,0,32,224x224
898,213646.webm,,ssv2,0,32,224x224
899,53388.webm,,ssv2,0,32,224x224
900,49283.webm,,ssv2,0,32,224x224
901,150776.webm,,ssv2,0,32,224x224
902,107088.webm,,ssv2,0,32,224x224
903,68767.webm,,ssv2,0,32,224x224
904,210684.webm,,ssv2,0,32,224x224
905,48313.webm,,ssv2,0,32,224x224
906,200312.webm,,ssv2,0,32,224x224
907,176777.webm,,ssv2,0,32,224x224
908,214731.webm,,ssv2,0,32,224x224
909,33399.webm,,ssv2,0,32,224x224
910,220614.webm,,ssv2,0,32,224x224
911,194341.webm,,ssv2,0,32,224x224
912,209702.webm,,ssv2,0,32,224x224
913,206597.webm,,ssv2,0,32,224x224
914,129580.webm,,ssv2,0,32,224x224
915,159257.webm,,ssv2,0,32,224x224
916,141073.webm,,ssv2,0,32,224x224
917,77598.webm,,ssv2,0,32,224x224
918,148506.webm,,ssv2,0,32,224x224
919,84618.webm,,ssv2,0,32,224x224
920,169306.webm,,ssv2,0,32,224x224
921,3040.webm,,ssv2,0,32,224x224
922,11781.webm,,ssv2,0,32,224x224
923,5225.webm,,ssv2,0,32,224x224
924,55106.webm,,ssv2,0,32,224x224
925,94328.webm,,ssv2,0,32,224x224
926,175051.webm,,ssv2,0,32,224x224
927,24164.webm,,ssv2,0,32,224x224
928,31455.webm,,ssv2,0,32,224x224
929,202600.webm,,ssv2,0,32,224x224
930,201242.webm,,ssv2,0,32,224x224
931,63154.webm,,ssv2,0,32,224x224
932,217276.webm,,ssv2,0,32,224x224
933,69527.webm,,ssv2,0,32,224x224
934,37704.webm,,ssv2,0,32,224x224
935,92825.webm,,ssv2,0,32,224x224
936,77208.webm,,ssv2,0,32,224x224
937,32345.webm,,ssv2,0,32,224x224
938,194240.webm,,ssv2,0,32,224x224
939,29911.webm,,ssv2,0,32,224x224
940,47264.webm,,ssv2,0,32,224x224
941,94423.webm,,ssv2,0,32,224x224
942,25958.webm,,ssv2,0,32,224x224
943,100499.webm,,ssv2,0,32,224x224
944,53345.webm,,ssv2,0,32,224x224
945,212349.webm,,ssv2,0,32,224x224
946,118091.webm,,ssv2,0,32,224x224
947,76344.webm,,ssv2,0,32,224x224
948,204619.webm,,ssv2,0,32,224x224
949,94509.webm,,ssv2,0,32,224x224
950,208718.webm,,ssv2,0,32,224x224
951,133719.webm,,ssv2,0,32,224x224
952,89079.webm,,ssv2,0,32,224x224
953,103785.webm,,ssv2,0,32,224x224
954,188567.webm,,ssv2,0,32,224x224
955,110241.webm,,ssv2,0,32,224x224
956,51233.webm,,ssv2,0,32,224x224
957,7272.webm,,ssv2,0,32,224x224
958,89725.webm,,ssv2,0,32,224x224
959,72969.webm,,ssv2,0,32,224x224
960,127304.webm,,ssv2,0,32,224x224
961,106600.webm,,ssv2,0,32,224x224
962,101394.webm,,ssv2,0,32,224x224
963,74226.webm,,ssv2,0,32,224x224
964,21502.webm,,ssv2,0,32,224x224
965,105698.webm,,ssv2,0,32,224x224
966,209319.webm,,ssv2,0,32,224x224
967,58959.webm,,ssv2,0,32,224x224
968,79026.webm,,ssv2,0,32,224x224
969,14807.webm,,ssv2,0,32,224x224
970,163305.webm,,ssv2,0,32,224x224
971,24018.webm,,ssv2,0,32,224x224
972,4725.webm,,ssv2,0,32,224x224
973,203044.webm,,ssv2,0,32,224x224
974,55300.webm,,ssv2,0,32,224x224
975,43527.webm,,ssv2,0,32,224x224
976,60738.webm,,ssv2,0,32,224x224
977,67285.webm,,ssv2,0,32,224x224
978,155575.webm,,ssv2,0,32,224x224
979,121481.webm,,ssv2,0,32,224x224
980,200835.webm,,ssv2,0,32,224x224
981,117724.webm,,ssv2,0,32,224x224
982,26279.webm,,ssv2,0,32,224x224
983,113508.webm,,ssv2,0,32,224x224
984,68421.webm,,ssv2,0,32,224x224
985,78306.webm,,ssv2,0,32,224x224
986,103575.webm,,ssv2,0,32,224x224
987,125118.webm,,ssv2,0,32,224x224
988,49872.webm,,ssv2,0,32,224x224
989,69854.webm,,ssv2,0,32,224x224
990,34137.webm,,ssv2,0,32,224x224
991,97587.webm,,ssv2,0,32,224x224
992,70103.webm,,ssv2,0,32,224x224
993,44945.webm,,ssv2,0,32,224x224
994,115405.webm,,ssv2,0,32,224x224
995,180102.webm,,ssv2,0,32,224x224
996,188907.webm,,ssv2,0,32,224x224
997,123134.webm,,ssv2,0,32,224x224
998,94943.webm,,ssv2,0,32,224x224
999,127161.webm,,ssv2,0,32,224x224
