ModelKey,Model,PublishedTop1,MeasuredTop1,LatencyMean,AvgPower,EnergyPerClip,TotalEnergy,TotalTime,PeakVRAM,NS-E,NS-M,NS#
uniformer-s,UniFormer-S,80.8,92.2,75.7,58.08,4.396,4396.38,75.693,216,69.481,72.753,63.645
video-focalnet-t,Video-FocalNet-T,79.8,95.9,89.4,52.56,4.701,4700.89,89.439,745,70.093,72.092,62.912
uniformer-b,UniFormer-B,82,92,157.8,59.21,9.344,9343.59,157.804,324,68.625,72.275,62.349
videomae-b,VideoMAE-B,81.5,91.3,168.3,54.44,9.161,9161.38,168.297,412,68.514,71.882,61.977
dualformer-t,DualFormer-T,79.5,89.9,130.1,52.73,6.858,6858.02,130.052,517,68.560,71.367,61.776
timesformer-b,TimeSformer-B,78,92.7,173.1,54.55,9.445,9445.43,173.14,755,68.745,71.488,61.551
mvit-v1-b-32x3,"MViT-B, 32x3",80.2,90.8,236.2,52.39,12.373,12372.98,236.189,855,68.092,70.994,60.762
videoswin-s,VideoSwin-S,80.6,93.3,313.3,53.34,16.712,16712.31,313.328,1004,68.238,71.291,60.733
videoswin-t,VideoSwin-T,78.8,89.7,190,53.2,10.108,10107.73,189.999,909,68.100,70.715,60.704
video-focalnet-b,Video-FocalNet-B,83.6,88.6,236.4,53.04,12.539,12539.44,236.4,1267,67.652,70.140,59.895
videoswin-b,VideoSwin-B,80.6,91.7,446.4,53.36,23.818,23818.44,446.357,1465,67.552,70.580,59.638
video-focalnet-s,Video-FocalNet-S,81.4,80.7,155.9,52.83,8.234,8234.17,155.859,831,66.486,68.976,59.187
omnivore-b-in21k,Omnivore-B (IN21K),84,89.8,634.6,52.95,33.602,33601.87,634.633,2143,66.815,69.803,58.488
