path,bytes,sha256,model_family,dataset_hint,artifact_role,source_url,google_drive_id,source_project,license,redistribution_status,notes
checkpoints/dualformer/dualformer_tiny_patch244_window877.pth,101764429,f27c1c1996e4d27bc5c71f2bf3f690d933d8ea378030fb9e9e93c816872deb46,dualformer,kinetics400,model-checkpoint,,1dvG6vjC7udHTwTaqmOAfn6U3HNs3T-QF,https://github.com/sail-sg/dualformer,,unverified-do-not-redistribute,Official model-zoo classifier at third_party/DualFormer/README.md:51; checkpoint-specific license unresolved
checkpoints/focalnet/video-focalnet_base_kinetics400.pth,629790601,5ccba3459e69dc975e893a06513a5dc26d5e7617b3819bac7b66d2fa314be711,focalnet,kinetics400,model-checkpoint,,1tc1AKKmvHN7Hzxpd53QsBIMQZmLH8ozX,https://github.com/TalalWasim/Video-FocalNets,,unverified-do-not-redistribute,Official model-zoo classifier at third_party/Video-FocalNets/README.md:102; checkpoint-specific license unresolved
checkpoints/focalnet/video-focalnet_base_ssv2.pth,628860159,187e4e9469de75ae36252d07418d9802dde16fc3a7beb9815ec949eff25dd9d6,focalnet,ssv2,model-checkpoint,,1MIPLjMVDmYEY5jmJs8pRRIj4gKNVqETg,https://github.com/TalalWasim/Video-FocalNets,,unverified-do-not-redistribute,Official model-zoo classifier at third_party/Video-FocalNets/README.md:114; checkpoint-specific license unresolved
checkpoints/focalnet/video-focalnet_small_kinetics400.pth,355174831,5031b6372b6a91b7a0be4762bc58c8d47318896a91a3f4fe0a9730d28cef4bd2,focalnet,kinetics400,model-checkpoint,,1gO4_tluuoR4mn2bSQRNyy9_wFCnUSiQ0,https://github.com/TalalWasim/Video-FocalNets,,unverified-do-not-redistribute,Official model-zoo classifier at third_party/Video-FocalNets/README.md:101; checkpoint-specific license unresolved
checkpoints/focalnet/video-focalnet_tiny_kinetics400.pth,198333209,86fb70adbd28e0fc8c9ca8c7ed36d52482a0c58507ad15820c8849bfb634b9ed,focalnet,kinetics400,model-checkpoint,,1wsUjJbPVQd7pf-OocD9mVU8pak0gdBTP,https://github.com/TalalWasim/Video-FocalNets,,unverified-do-not-redistribute,Official model-zoo classifier at third_party/Video-FocalNets/README.md:100; checkpoint-specific license unresolved
checkpoints/mvit/MVIT_B_24_32x3.pyth,637806132,3aa6523906feda027db6048267a254371f00205af494eb933d1f527f56c08f26,mvit,kinetics400,model-checkpoint,,,https://github.com/facebookresearch/SlowFast,,unverified-do-not-redistribute,Exact local filename and bytes are not established by vendored provenance; do not redistribute
checkpoints/mvit/MVIT_B_32x3_f294077834.pyth,439671342,ee62dd4c41f4cf0622a690c55bb3fea5c5685443cf0b4cb444327961047e5064,mvit,kinetics400,model-checkpoint,https://dl.fbaipublicfiles.com/pytorchvideo/model_zoo/kinetics/MVIT_B_32x3_f294077834.pyth,,https://github.com/facebookresearch/pytorchvideo,,unverified-do-not-redistribute,Exact URL and filename from official installed PyTorchVideo checkpoint_paths; checkpoint-specific license unresolved
checkpoints/mvit/MViTv2_B_32x3_k400_f304025456.pyth,615327794,b73e8a96c38ec34e0a7ca9a222d18da8e2617b72f915e282289b3fd9996f760f,mvit,kinetics400,model-checkpoint,,,,,unverified-do-not-redistribute,
checkpoints/mvit/MViTv2_L_40x3_k400_f306903192.pyth,2561740850,4072b484dba79bafeae63cb48bb77d0f557d336c4b34fc6e4e69014cd537c3b8,mvit,kinetics400,model-checkpoint,,,,,unverified-do-not-redistribute,
checkpoints/mvit/MViTv2_S_16x4_k400_f302660347.pyth,414835762,9a8b1563d2523c8291df5762cfc3214f77fe23b55ad2da684ace4557c5ebd4a0,mvit,kinetics400,model-checkpoint,,,,,unverified-do-not-redistribute,
checkpoints/omnivore/Omnivore_swinB_checkpoint.torch,478601327,5ad677b913b04510a81123eb0230ea7dbb6541b9bd1e94399c9a6cd311287e31,omnivore,kinetics400,model-checkpoint,,,,,unverified-do-not-redistribute,
checkpoints/omnivore/Omnivore_swinS_checkpoint.torch,232046511,42699c45070f9e29482adfc4736d04207723e246d88fc6661dc331884a423c94,omnivore,kinetics400,model-checkpoint,,,,,unverified-do-not-redistribute,
checkpoints/omnivore/Omnivore_swinT_checkpoint.torch,130599743,e1c8100ea9aa2d9b1a816d6edc92d59d9b9ee4c9a5f656bc2bc0dde2846794d4,omnivore,kinetics400,model-checkpoint,,,,,unverified-do-not-redistribute,
checkpoints/omnivore/swinB_In21k_checkpoint.torch,478602543,55707dba9353d1e2be1ae67bf989e468493f487e2f3ad44f951c249e1bd8d2e8,omnivore,kinetics400,model-checkpoint,https://dl.fbaipublicfiles.com/omnivore/models/swinB_In21k_checkpoint.torch,,https://github.com/facebookresearch/omnivore,,unverified-do-not-redistribute,Official model-zoo classifier at third_party/omnivore/omnivore/README.md:32; checkpoint-specific license unresolved
checkpoints/svt/kinetics400_vitb_ssl.pth,577688229,920ac56e8d35793200c3fc5c77a343649bb00c1064c20a32625c97b59ca12646,svt,kinetics400,model-checkpoint,,,,,unverified-do-not-redistribute,
checkpoints/timesformer/TimeSformer_divST_16x16_448_K400.pyth,976378033,881afa886a4601ba7c34663d2d9674082fde3501ace4103e50a13a8ee9a2a904,timesformer,kinetics400,model-checkpoint,,,,,unverified-do-not-redistribute,
checkpoints/timesformer/TimeSformer_divST_8_224_SSv2.pyth,971325489,7a606efdda9345f1e2d83e10cc2b03196edf157ff7e9a07a19368352614109c4,timesformer,ssv2,model-checkpoint,https://www.dropbox.com/s/tybhuml57y24wpm/TimeSformer_divST_8_224_SSv2.pyth?dl=0,,https://github.com/facebookresearch/TimeSformer,,unverified-do-not-redistribute,Official model-zoo classifier at third_party/TimeSformer/README.md:35; checkpoint-specific license unresolved
checkpoints/timesformer/TimeSformer_divST_8x32_224_K400.pyth,972716209,45c4eeccc4956447a4fca765b665b443c701d8d2e8ae600510565a649651d973,timesformer,kinetics400,model-checkpoint,https://www.dropbox.com/s/g5t24we9gl5yk88/TimeSformer_divST_8x32_224_K400.pyth?dl=0,,https://github.com/facebookresearch/TimeSformer,,unverified-do-not-redistribute,Official model-zoo classifier at third_party/TimeSformer/README.md:23; checkpoint-specific license unresolved
checkpoints/timesformer/TimeSformer_divST_96x4_224_K400.pyth,973256881,2cf0b62d0de91a244063374c10553612cb4af7dca852996800d6145f74c61705,timesformer,kinetics400,model-checkpoint,,,,,unverified-do-not-redistribute,
checkpoints/uniformer/uniformer_base_k400_16x4.pth,199525573,a36e08ecff0a2b11020d6e88046353f80fdeb10b40fe167f2fbc0c1d976fb873,uniformer,kinetics400,model-checkpoint,,15ipzFaZdTt-aHv7jcr_h_vgYD2X7D6AD,https://github.com/Sense-X/UniFormer,,unverified-do-not-redistribute,Official model-zoo classifier at third_party/UniFormer/video_classification/README.md:67; checkpoint license unresolved and project license files conflict
checkpoints/uniformer/uniformer_base_sthv2_16_prek400.pth,199061829,b3091fbfd2b47845988831599a0325c426b6ec84aee6a545c152fafe84adeffe,uniformer,ssv2,model-checkpoint,,1s78JBpnykyJ7pYEGRDK8BZL9seIRIUlC,https://github.com/Sense-X/UniFormer,,unverified-do-not-redistribute,Official model-zoo classifier at third_party/UniFormer/video_classification/README.md:106; checkpoint license unresolved and project license files conflict
checkpoints/uniformer/uniformer_small_k400_16x8.pth,85735325,d5fd7b0c49ee6a5422ef5d0c884d962c742003bfbd900747485eb99fa269d0db,uniformer,kinetics400,model-checkpoint,,174muWZJcZHieABDZMKiJ0tNeFLoEkJLx,https://github.com/Sense-X/UniFormer,,unverified-do-not-redistribute,Official model-zoo classifier at third_party/UniFormer/video_classification/README.md:64; checkpoint license unresolved and project license files conflict
checkpoints/uniformer/uniformer_small_k400_8x8.pth,85735325,740e4c7c51e962d0a3d09f7be1c9b39bedcfabcd0d8dcdc0d9c0c8f1c48ea917,uniformer,kinetics400,model-checkpoint,,,,,unverified-do-not-redistribute,
checkpoints/uniformer/uniformer_small_sthv2_16_prek400.pth,85271581,4f5df1bf569e7e0ead9ae9ea43ecef5a852ef14dcf67575e36aa3ce8edd0ed9f,uniformer,ssv2,model-checkpoint,,1-Wq22024HB7tT8kPX6eSMn2GUNMI-_gY,https://github.com/Sense-X/UniFormer,,unverified-do-not-redistribute,Official model-zoo classifier at third_party/UniFormer/video_classification/README.md:102; checkpoint license unresolved and project license files conflict
checkpoints/videomae/base-finetuned-kinetics/config.json,22865,6d3c7afb3d1430fa478757425cc9be2fcc50a17bfbf58921e8a9e65bb3b5c568,videomae,kinetics400,configuration-metadata,https://huggingface.co/MCG-NJU/videomae-base-finetuned-kinetics/resolve/main/config.json,,https://huggingface.co/MCG-NJU/videomae-base-finetuned-kinetics,,unverified-do-not-redistribute,Official Hugging Face model metadata; artifact-specific redistribution not authorized here
checkpoints/videomae/base-finetuned-kinetics/model.safetensors,346161616,065cfde56f97671da4d196e1a3a6d3cf9304dcad92eb671e3632a6c6cdd04f73,videomae,kinetics400,model-checkpoint,https://huggingface.co/MCG-NJU/videomae-base-finetuned-kinetics/resolve/main/model.safetensors,,https://huggingface.co/MCG-NJU/videomae-base-finetuned-kinetics,,unverified-do-not-redistribute,Official Hugging Face file SHA-256 exactly matches manifest; redistribution remains upstream-only by policy
checkpoints/videomae/base-finetuned-kinetics/preprocessor_config.json,271,c3aa722f22a7ff0d234d407862025fe47672f74f46f92c91f757f7a7354107c2,videomae,kinetics400,configuration-metadata,https://huggingface.co/MCG-NJU/videomae-base-finetuned-kinetics/resolve/main/preprocessor_config.json,,https://huggingface.co/MCG-NJU/videomae-base-finetuned-kinetics,,unverified-do-not-redistribute,Official Hugging Face model metadata; artifact-specific redistribution not authorized here
checkpoints/videomae/VideoMAE-ViT-B_16x5x3_1600epoch.pth,376929369,90441fa60dde31ec2baaab0182503669a187ed67b7390b2430b3b9ea00527d61,videomae,kinetics400-pretraining,model-checkpoint,,,,,unverified-do-not-redistribute,
checkpoints/videomae/VideoMAE-ViT-B_16x5x3_800epoch.pth,376929369,444df1bafe93eb03915a1cc97b23abf6ce843cb41555ae25795fbb5aefe5957e,videomae,kinetics400-pretraining,model-checkpoint,,,,,unverified-do-not-redistribute,
checkpoints/videomae/VideoMAE-ViT-L_16x5x3_1600epoch.pth,1372176317,d36ec83b5fd82b188ab1b45b9d554017cfdd4d0164e08d91ccd42e5e94f20160,videomae,kinetics400-pretraining,model-checkpoint,,,,,unverified-do-not-redistribute,
checkpoints/videomae/VideoMAE-ViT-S_16x5x3_1600epoch.pth,96201075,e838d72ca1de02db596e0370504b59840fe284f1b838db5ebce717d158a73c04,videomae,kinetics400-pretraining,model-checkpoint,,,,,unverified-do-not-redistribute,
checkpoints/videomae/videomae_vit_b_ssv2_2400e.pth,172756423,25f4060e564ca716ff1f1804f5aba92f9240da723e22b383e306273ca91de377,videomae,ssv2,model-checkpoint,,1dt_59tBIyzdZd5Ecr22lTtzs_64MOZkT,https://github.com/MCG-NJU/VideoMAE,,unverified-do-not-redistribute,Official fine-tuned classifier at third_party/VideoMAE/MODEL_ZOO.md:20; not the pretraining checkpoint in the same row
checkpoints/videoswin/swin_base_patch244_window1677_sthv2.pth,473410081,f7fe417a0659680ab9db4f5e02c39b3f2825b58f0e244d4fbe3de6658fe135fc,videoswin,ssv2,model-checkpoint,https://github.com/SwinTransformer/storage/releases/download/v1.0.4/swin_base_patch244_window1677_sthv2.pth,,https://github.com/SwinTransformer/Video-Swin-Transformer,,unverified-do-not-redistribute,Official model-zoo classifier at third_party/Video-Swin-Transformer/README.md:43; checkpoint-specific license unresolved
checkpoints/videoswin/swin_base_patch244_window877_kinetics400_1k.pth,381759368,309e76e2cba4b3052eb3afda3ee57205130712369cbde6bf2fad05127e2f9bf8,videoswin,kinetics400,model-checkpoint,https://github.com/SwinTransformer/storage/releases/download/v1.0.4/swin_base_patch244_window877_kinetics400_1k.pth,,https://github.com/SwinTransformer/Video-Swin-Transformer,,unverified-do-not-redistribute,Official model-zoo classifier at third_party/Video-Swin-Transformer/README.md:30; checkpoint-specific license unresolved
checkpoints/videoswin/swin_small_patch244_window877_kinetics400_1k.pth,228830087,7e05aa13cfa1aa99fe78c1ccac96c263344b315fe5d98a165b77b1f7532ce500,videoswin,kinetics400,model-checkpoint,https://github.com/SwinTransformer/storage/releases/download/v1.0.4/swin_small_patch244_window877_kinetics400_1k.pth,,https://github.com/SwinTransformer/Video-Swin-Transformer,,unverified-do-not-redistribute,Official model-zoo classifier at third_party/Video-Swin-Transformer/README.md:29; checkpoint-specific license unresolved
checkpoints/videoswin/swin_tiny_patch244_window877_kinetics400_1k.pth,127414861,9950e3be6b0b3763f80575dfbbe7db7cbeb18345e32363b73e8d44952ef76acc,videoswin,kinetics400,model-checkpoint,https://github.com/SwinTransformer/storage/releases/download/v1.0.4/swin_tiny_patch244_window877_kinetics400_1k.pth,,https://github.com/SwinTransformer/Video-Swin-Transformer,,unverified-do-not-redistribute,Official model-zoo classifier at third_party/Video-Swin-Transformer/README.md:28; checkpoint-specific license unresolved
checkpoints/vivit/k400-vit-b-16-f8.pt,1515804057,88dc64dc65c18e12367b2e08b611ac8577b0a09018b7e181d0db601d7c191e94,vivit,kinetics400,model-checkpoint,,,,,unverified-do-not-redistribute,
checkpoints/vivit/k400_sentence_labels.pt,159283,03cd97af687cc623507c1ab9c2bfff61e406fd5a4fd6748d3763dace2eae1d50,vivit,kinetics400,label-metadata,,,,,unverified-do-not-redistribute,
checkpoints/vivit/k400_sentence_sims.pt,31680883,b90ecb1a3b7f5ffcc77928bea59b11efccb9ba5f5dd7f22afa844813e22b2d5f,vivit,kinetics400,similarity-metadata,,,,,unverified-do-not-redistribute,
checkpoints/vivit/k400_video_labels.pt,159271,e8006c645076ac5402fbc897001f8692e21da463fa2c3460b979353f44343a20,vivit,kinetics400,label-metadata,,,,,unverified-do-not-redistribute,
checkpoints/vivit/k400_video_sims.pt,31680874,72dc8ce36cc11b04d526c20f3d41822b0ed2f500f9462b9fde62d57c52393909,vivit,kinetics400,similarity-metadata,,,,,unverified-do-not-redistribute,
checkpoints/vtn/SLOWFAST_8x8_R50.pkl,276854877,8988deb84b65226669eba1a5da6d14fd170dba374891b21439079c90dd80c026,vtn,kinetics400,model-checkpoint,,,,,unverified-do-not-redistribute,
checkpoints/vtn/VTN_VIT_B_KINETICS.pyth,454099681,779682d33e7afc32c3eff910e151eab30e7aed375acf7743cfe3041a83dcbf3a,vtn,kinetics400,model-checkpoint,,,https://github.com/bomri/SlowFast,,unverified-do-not-redistribute,Official VTN project identified by paper but exact checkpoint download provenance is unresolved
checkpoints/ZeroI2V/CLIP-B_k400_8x16x1.pth,423014733,f62f2e10aa0ae0cb755046f9d84b5ecffd58d4a5f1ae043ace88c3b27621929f,ZeroI2V,kinetics400,model-checkpoint,,,,,unverified-do-not-redistribute,
checkpoints/ZeroI2V/CLIP-L_k400_8x16x1.pth,1448305581,d960dbfb14f62b561bba87761e87d3798fdcc42ddce4e615b1744664be96c71f,ZeroI2V,kinetics400,model-checkpoint,,,,,unverified-do-not-redistribute,
checkpoints/ZeroI2V/CLIP-L_sthv2_u32.pth,1443450477,0126c6c720ee7d6d91f757c9f9ddc5a92f5415b47598ae96db042f5e62ef9706,ZeroI2V,ssv2,model-checkpoint,,,,,unverified-do-not-redistribute,
